{"stats":{"minecraft:dropped":{"minecraft:dirt":2,"sus:susdirtmk_2":1,"sus:sussyvote_bucket":1,"sus:redisus_ore":1,"sus:redisus_ingot":1,"sus:susdirt":1},"minecraft:custom":{"minecraft:time_since_rest":4949,"minecraft:play_one_minute":4949,"minecraft:crouch_one_cm":195,"minecraft:sprint_one_cm":856,"minecraft:walk_one_cm":2221,"minecraft:sneak_time":521,"minecraft:walk_under_water_one_cm":8884,"minecraft:mob_kills":1,"minecraft:drop":7,"minecraft:jump":18,"minecraft:damage_dealt":270,"minecraft:leave_game":2,"minecraft:walk_on_water_one_cm":818,"minecraft:time_since_death":4949,"minecraft:swim_one_cm":944,"minecraft:fly_one_cm":61274},"minecraft:killed":{"minecraft:horse":1},"minecraft:used":{"sus:amogus":10,"sus:redisverysus":20,"sus:sussysword":1}},"DataVersion":2586}