{
  "type": "sus:amogus",
  "generator": {
    "type": "minecraft:noise",
    "seed": 0,
    "biome_source": {
      "type": "minecraft:multi_noise",
      "seed": 0,
      "temperature_noise": {
        "firstOctave": -5.11,
        "amplitudes": [
          2,
          2
        ]
      },
      "humidity_noise": {
        "firstOctave": -5.11,
        "amplitudes": [
          2,
          2
        ]
      },
      "altitude_noise": {
        "firstOctave": -5.11,
        "amplitudes": [
          2,
          2
        ]
      },
      "weirdness_noise": {
        "firstOctave": -5.11,
        "amplitudes": [
          2,
          2
        ]
      },
      "biomes": [
        {
          "biome": "sus:sus",
          "parameters": {
            "temperature": 0,
            "humidity": 0,
            "altitude": 0,
            "weirdness": 0,
            "offset": 0
          }
        }
      ]
    },
    "settings": {
      "name": "sus:amogus",
      "bedrock_roof_position": -10,
      "bedrock_floor_position": 0,
      "sea_level": 63,
      "disable_mob_generation": true,
      "default_block": {
        "Name": "minecraft:red_concrete"
      },
      "default_fluid": {
        "Name": "sus:sussyvote",
        "Properties": {
          "level": "0"
        }
      },
      "noise": {
        "min_y": 0,
        "height": 256,
        "density_factor": 1,
        "density_offset": -0.46875,
        "size_horizontal": 1,
        "size_vertical": 2,
        "simplex_surface_noise": true,
        "random_density_offset": true,
        "island_noise_override": false,
        "amplified": false,
        "sampling": {
          "xz_scale": 1,
          "y_scale": 1,
          "xz_factor": 80,
          "y_factor": 160
        },
        "bottom_slide": {
          "target": -30,
          "size": 0,
          "offset": 0
        },
        "top_slide": {
          "target": -10,
          "size": 3,
          "offset": 0
        }
      },
      "structures": {
        "structures": {}
      }
    }
  }
}