{
  "_fv": 18,
  "_type": "dimension",
  "definition": {
    "biomesInDimension": [
      {
        "value": "CUSTOM:Sus"
      }
    ],
    "worldGenType": "Normal world gen",
    "mainFillerBlock": {
      "value": "Blocks.CONCRETE#14"
    },
    "fluidBlock": {
      "value": "CUSTOM:Sussyvote"
    },
    "canRespawnHere": true,
    "hasFog": true,
    "isDark": false,
    "doesWaterVaporize": false,
    "sleepResult": "ALLOW",
    "hasSkyLight": true,
    "imitateOverworldBehaviour": false,
    "portalFrame": {
      "value": "CUSTOM:Redisverysus"
    },
    "portalParticles": {
      "value": "EXPLOSION_NORMAL"
    },
    "portalLuminance": 0,
    "portalSound": {
      "value": "block.portal.ambient"
    },
    "igniterName": "Amogus Portal Igniter",
    "igniterTab": {
      "value": "TOOLS"
    },
    "texture": "amogus",
    "portalTexture": "sus_1",
    "enablePortal": true
  }
}