{
  "_fv": 18,
  "_type": "armor",
  "definition": {
    "enableHelmet": true,
    "textureHelmet": "redisus_head",
    "enableBody": true,
    "textureBody": "red_chestplate_but_sus",
    "enableLeggings": true,
    "textureLeggings": "redisus_leggings",
    "enableBoots": true,
    "textureBoots": "redisus_boots",
    "creativeTab": {
      "value": "COMBAT"
    },
    "armorTextureFile": "redisus",
    "helmetName": "Redisus Helmet",
    "bodyName": "Redisus Chestplate",
    "leggingsName": "Redisus Leggings",
    "bootsName": "Redisus Boots",
    "helmetSpecialInfo": [],
    "bodySpecialInfo": [],
    "leggingsSpecialInfo": [],
    "bootsSpecialInfo": [],
    "helmetModelName": "Default",
    "helmetModelPart": "Helmet",
    "helmetModelTexture": "From armor",
    "bodyModelName": "Default",
    "bodyModelPart": "Body",
    "armsModelPartL": "Arms L",
    "armsModelPartR": "Arms R",
    "bodyModelTexture": "From armor",
    "leggingsModelName": "Default",
    "leggingsModelPartL": "Leggings L",
    "leggingsModelPartR": "Leggings R",
    "leggingsModelTexture": "From armor",
    "bootsModelName": "Default",
    "bootsModelPartL": "Boots L",
    "bootsModelPartR": "Boots R",
    "bootsModelTexture": "From armor",
    "maxDamage": 15,
    "damageValueHelmet": 10,
    "damageValueBody": 20,
    "damageValueLeggings": 20,
    "damageValueBoots": 10,
    "enchantability": 9,
    "toughness": 10.0,
    "knockbackResistance": 1.0,
    "equipSound": {
      "value": ""
    },
    "repairItems": [
      {
        "value": "CUSTOM:RedisusIngot"
      }
    ]
  }
}