{
  "_fv": 18,
  "_type": "biome",
  "definition": {
    "name": "Sus",
    "groundBlock": {
      "value": "CUSTOM:Susdirt"
    },
    "undergroundBlock": {
      "value": "CUSTOM:Susdirtmk2"
    },
    "airColor": {
      "value": -65536,
      "falpha": 0.0
    },
    "grassColor": {
      "value": -65536,
      "falpha": 0.0
    },
    "foliageColor": {
      "value": -65536,
      "falpha": 0.0
    },
    "waterColor": {
      "value": -65536,
      "falpha": 0.0
    },
    "waterFogColor": {
      "value": -65536,
      "falpha": 0.0
    },
    "ambientSound": {
      "value": ""
    },
    "additionsSound": {
      "value": ""
    },
    "music": {
      "value": ""
    },
    "moodSound": {
      "value": ""
    },
    "moodSoundDelay": 6000,
    "spawnParticles": false,
    "particleToSpawn": {
      "value": "EXPLOSION_NORMAL"
    },
    "particlesProbability": 0.5,
    "biomeCategory": "NONE",
    "parent": {
      "value": "No parent"
    },
    "rainingPossibility": 0.5,
    "temperature": 0.5,
    "baseHeight": 0.1,
    "heightVariation": 0.2,
    "biomeType": "WARM",
    "spawnBiome": true,
    "biomeWeight": 10,
    "biomeDictionaryTypes": [],
    "grassPerChunk": 4,
    "seagrassPerChunk": 0,
    "flowersPerChunk": 4,
    "mushroomsPerChunk": 0,
    "bigMushroomsChunk": 0,
    "sandPatchesPerChunk": 0,
    "gravelPatchesPerChunk": 0,
    "reedsPerChunk": 0,
    "cactiPerChunk": 0,
    "treesPerChunk": 1,
    "vanillaTreeType": "Default",
    "treeType": 1,
    "minHeight": 19,
    "maxWaterDepth": 4,
    "treeStem": {
      "value": "CUSTOM:Suslog"
    },
    "treeBranch": {
      "value": "CUSTOM:Suslog"
    },
    "treeVines": {
      "value": "Blocks.WEEPING_VINES"
    },
    "treeFruits": {
      "value": ""
    },
    "spawnStronghold": false,
    "spawnMineshaft": false,
    "spawnPillagerOutpost": false,
    "villageType": "none",
    "spawnWoodlandMansion": false,
    "spawnJungleTemple": false,
    "spawnDesertPyramid": false,
    "spawnIgloo": false,
    "spawnOceanMonument": false,
    "spawnShipwreck": false,
    "oceanRuinType": "NONE",
    "defaultFeatures": [
      "Caves",
      "Ores",
      "FrozenTopLayer"
    ],
    "spawnEntries": []
  }
}