{
  "_fv": 18,
  "_type": "gun",
  "definition": {
    "renderType": 0,
    "texture": "votebutton",
    "customModelName": "Normal",
    "name": "Votebutton",
    "specialInfo": [],
    "creativeTab": {
      "value": "COMBAT"
    },
    "stackSize": 1,
    "ammoItem": {
      "value": ""
    },
    "shootConstantly": false,
    "usageCount": 100000,
    "actionSound": {
      "value": "entity.arrow.shoot"
    },
    "hasGlow": false,
    "animation": "block",
    "enableMeleeDamage": false,
    "damageVsEntity": 0.0,
    "bulletPower": 10.0,
    "bulletDamage": 10000.0,
    "bulletKnockback": 5,
    "bulletParticles": false,
    "bulletIgnitesFire": false,
    "bulletItemTexture": {
      "value": "CUSTOM:Voted"
    },
    "bulletModel": "Default",
    "customBulletModelTexture": ""
  }
}